ts	ticket	sid	cause	verdict	suites	failed	seconds	bytes	chars	eCode	eDoc	eOther	gOps	overlap	how	bfile	fails
2026-09-22T07:52:32.614Z	1268	0aa41756-58fc-41ef-b52e-ec1d1b4abb5c	C4	红	119	2	115.405		2591	9	6	0	6	0			utils/coursesContract.test.js utils/chapterFavoriteContract.test.js
2026-09-22T07:58:20.327Z	1268	0aa41756-58fc-41ef-b52e-ec1d1b4abb5c	C4	绿	119	0	169.828		136	3	0	0	0	0			
2026-09-22T09:15:00.309Z	1268	0aa41756-58fc-41ef-b52e-ec1d1b4abb5c	C4	绿	119	0	153.57		922	1	2	0	0	0			
2026-09-22T12:30:16.292Z	651	9bc73be8-5a13-4b83-a6f9-e32e21adda6b	C1	红	118	2	113.403		967	15	0	0	3	0			
2026-09-22T12:42:28.165Z	651	9bc73be8-5a13-4b83-a6f9-e32e21adda6b	C4	绿	119	0			106	7	0	0	0	0			
2026-09-22T12:57:20.796Z	651	9bc73be8-5a13-4b83-a6f9-e32e21adda6b	C4	绿	119	0	102.686		375	1	0	0	1	0			
2026-09-22T13:01:06.191Z	651	9bc73be8-5a13-4b83-a6f9-e32e21adda6b	C2b	绿	124	0	113.005		219	0	0	0	1	0			
2026-09-23T02:42:15.487Z	1273	8cf14570-c7ab-4286-88c2-1741f6f2354a	C3	红	124	4	115.474		2347	17	0	0	3	0			utils/hxLaunchDetachBehavior.test.js
2026-09-23T03:09:26.074Z	1273	8cf14570-c7ab-4286-88c2-1741f6f2354a	C4	绿	124	0	156.993		2319	20	0	0	0	0			
2026-09-23T03:23:30.327Z	1268	0aa41756-58fc-41ef-b52e-ec1d1b4abb5c	C4	绿	125	0	130.93		549	19	8	0	5	0			
2026-09-23T06:44:37.262Z	1295	88ebf3dc-1636-4d15-8dd8-5fe28686cd20	C4	绿	126	0	244.199		873	2	9	0	2	0			
2026-09-23T06:56:29.288Z	652	5751c182-aa3b-452d-85ac-863c5f516b48	C4	红	126	1	266.711		1808	10	0	0	1	0			utils/jobApplyStateContract.test.js
2026-09-23T07:03:06.288Z	1295	88ebf3dc-1636-4d15-8dd8-5fe28686cd20	C2c	绿	126	0	161.326		233	0	0	0	0	1			
2026-09-23T07:03:34.019Z	652	5751c182-aa3b-452d-85ac-863c5f516b48	C4	绿	126	0	140.645		806	3	0	0	0	1			
2026-09-24T04:02:07.855Z	1266	a3e503a0-0bec-46bd-8938-35f3d1772dea	C4	红	128	13	111.672		1783	1	0	0	1	0			utils/contractTestPatternBehavior.test.js
2026-09-24T04:04:49.701Z	1266	a3e503a0-0bec-46bd-8938-35f3d1772dea	C2c	绿	128	0	141.179		916	0	0	0	0	0			
2026-09-24T04:50:03.288Z	1267	9b76a5b2-a697-4b6f-a370-8c429f2dd227	C4	绿	128	0	144.917		2328	27	0	0	2	0			
2026-09-24T04:59:52.267Z	1269	8ad5fa0c-a153-4c6a-aaeb-5094ff576bb8	C4	红	129	2	174.267		1362	24	0	4	4	0			utils/registerContract.test.js
2026-09-24T05:10:21.739Z	1267	9b76a5b2-a697-4b6f-a370-8c429f2dd227	C2c	绿	128	0	137.08		401	0	0	0	0	0			
2026-09-24T05:32:31.103Z	1267	9b76a5b2-a697-4b6f-a370-8c429f2dd227	C4	绿	128	0	237.199		209	30	6	0	0	0			
2026-09-24T06:38:20.437Z	1269	8ad5fa0c-a153-4c6a-aaeb-5094ff576bb8	C2d	绿	129	0	174.478		242	0	0	4	1	0			
2026-09-24T07:04:47.947Z	1279	b5a761f6-790e-4faf-8b98-9716f74dfa8e	C2b	绿	128	0	173.824		210	0	0	0	4	0			
2026-09-24T07:08:32.456Z	1269	8ad5fa0c-a153-4c6a-aaeb-5094ff576bb8	C4	绿	129	0	164.034	18721	136	43	32	5	3	0	P2	D:\FL\.scratch\suite-f5dc9ed2.log	
2026-09-24T07:29:42.878Z	1279	b5a761f6-790e-4faf-8b98-9716f74dfa8e	C1	红	128	1	158.081		868	32	3	0	1	0			
2026-09-24T07:34:54.972Z	1279	b5a761f6-790e-4faf-8b98-9716f74dfa8e	C4	绿	128	0	170.633		211	5	0	0	0	0			
2026-09-24T08:00:27.409Z	1297	a0ae6350-2fe5-4f67-84ff-83a163fba1a2	C4	绿	129	0	226.698		689	2	0	0	0	0			
2026-09-24T08:12:30.751Z	652	fcf176f8-c577-4a34-b70f-034c1a9b6818	C4	绿	131	0	270.909		1718	4	0	0	5	2			
2026-09-24T08:14:26.217Z	1314	39be7dcc-8433-459f-86b8-4c0121ad91f7	C4	绿	129	0	280.392		376	11	0	0	3	3			
2026-09-24T08:14:29.184Z	1262	f1a11c7e-40c2-453d-9be9-30b1ef1fee29	C4	绿	130	0	282.991		878	16	0	0	4	3			
2026-09-24T08:17:08.603Z	1279	b5a761f6-790e-4faf-8b98-9716f74dfa8e	C4	绿	128	0	274.086	18675	371	14	1	0	0	3	P1	D:\FL\.scratch\1279-verify\.scratch-1279\gate3.log	
2026-09-24T08:19:54.042Z	1313	a17fad62-dba3-4f1a-bdce-f68fb54ff198	C4	绿	130	0	468.579		373	7	0	5	8	2			
2026-09-24T08:26:29.334Z	653	057b4c51-1394-4c42-843e-73e877b582e8	C1	红	130	13	361.574		442	0	0	0	3	1			
2026-09-24T08:45:06.010Z	1313	a17fad62-dba3-4f1a-bdce-f68fb54ff198	C4	绿	130	0	169.024		229	1	5	0	2	0			
2026-09-24T09:00:07.798Z	653	057b4c51-1394-4c42-843e-73e877b582e8	C4	绿	131	0	153.239		1518	10	2	0	0	0			
2026-09-24T09:17:43.510Z	653	057b4c51-1394-4c42-843e-73e877b582e8	C2c	绿	131	0	241.249		209	0	0	0	0	0			
2026-09-25T12:05:34.372Z	654	0d943f13-b332-467f-8f45-881a6256014a	C2a	绿	134	0	155.731		877	0	3	3	5	0			
2026-09-25T12:38:59.130Z	654	0d943f13-b332-467f-8f45-881a6256014a	C4	绿	134	0	157.187		2323	38	0	12	0	0			
2026-09-25T12:53:40.751Z	654	0d943f13-b332-467f-8f45-881a6256014a	C2d	绿	134	0	169.088		267	0	0	2	0	0			
2026-09-25T12:59:48.734Z	654	0d943f13-b332-467f-8f45-881a6256014a	C4	绿	134	0	193.494		182	4	0	0	0	0			
2026-09-25T13:09:27.709Z	654	0d943f13-b332-467f-8f45-881a6256014a	C4	绿	134	0	160.805		733	9	0	0	0	0			
2026-09-25T13:31:16.994Z	654	0d943f13-b332-467f-8f45-881a6256014a	C2a	绿	134	0	167.69		131	0	2	0	0	0			
2026-09-25T13:41:34.125Z	654	0d943f13-b332-467f-8f45-881a6256014a	C4	绿	134	0	216.304		477	2	0	0	1	0			
2026-09-25T14:15:15.365Z	654	0d943f13-b332-467f-8f45-881a6256014a	C4	绿	134	0	158.93		244	10	16	0	2	0			
2026-09-28T02:09:14.940Z	1340	0141815d-c034-45ea-a3f8-bbf912a64081	C4	绿	138	0			979	11	2	0	1	0			
2026-09-28T02:14:39.611Z	1368	d98a8f7c-12c4-47a7-a2cb-e53dc9681891	C1	红	136	1	237.567		767	14	0	0	0	0			
2026-09-28T02:19:36.558Z	1368	d98a8f7c-12c4-47a7-a2cb-e53dc9681891	C4	绿	136	0	199.755		265	1	0	0	0	0			
2026-09-28T02:42:55.936Z	1368	d98a8f7c-12c4-47a7-a2cb-e53dc9681891	C4	绿	136	0	373.308		262	3	0	0	1	0			
2026-09-28T03:14:34.159Z	1368	d98a8f7c-12c4-47a7-a2cb-e53dc9681891	C4	绿	136	0	251.293		439	3	0	0	0	0			
2026-09-28T06:12:44.467Z	1350	76379317-9e1b-492f-ae22-646adbd6ffc1	C2a	绿	138	0	338.537	20969	1073	0	4	0	1	0	P1	D:\FL\.scratch\wt-recruiter-adr0027-unit.log	
2026-09-28T06:51:03.913Z	1350	76379317-9e1b-492f-ae22-646adbd6ffc1	C4	红	138	2			1541	33	1	1	0	0			utils/modulesDeclarationContract.test.js utils/concurrent401RefreshBehavior.test.js utils/modulesDeclarationContract.test.js utils/concurrent401RefreshBehavior.test.js
2026-09-28T07:07:46.436Z	1350	76379317-9e1b-492f-ae22-646adbd6ffc1	C4	绿	138	0			707	2	0	0	1	0			
2026-09-28T07:42:38.853Z	1350	76379317-9e1b-492f-ae22-646adbd6ffc1	C4	绿	138	0			489	21	0	1	0	0			
2026-09-28T07:54:08.644Z	1340	0141815d-c034-45ea-a3f8-bbf912a64081	C4	绿	140	0			1032	16	6	0	5	0			
2026-09-28T08:48:15.609Z	1350	76379317-9e1b-492f-ae22-646adbd6ffc1	C2d	绿	140	0			643	0	0	1	1	0			
2026-09-29T00:52:18.881Z	1144	f50821cb-ea7c-425e-a9a2-3174000624a3	C4	绿	141	0	262.436		559	4	136	0	17	0			
2026-09-29T02:10:38.796Z	1349	3601da79-1af8-4684-a006-95adf185fa18	C4	红	141	1			2267	13	0	0	2	0			utils/dashboardContract.test.js
2026-09-29T02:19:02.700Z	1349	3601da79-1af8-4684-a006-95adf185fa18	C4	绿	141	0			391	6	0	0	0	0			
2026-09-29T05:35:42.941Z	1144	f50821cb-ea7c-425e-a9a2-3174000624a3	C2a	绿	142	0	233.267		485	0	4	0	4	0			
2026-09-29T05:51:32.780Z	1363	c4d355e9-8884-4d1c-9ddf-4408783fe977	C4	绿	143	0	198.749	25772	673	11	12	0	5	0	P1	D:\FL\.scratch\1363\g3-full.log	
2026-09-29T08:32:00.253Z	1391	1b608483-8fb3-427b-aab5-be9ccfa1ead5	C4	绿	143	0	318.299		441	3	2	0	1	0			
2026-09-29T09:10:20.648Z	1395	8d186282-3b72-4acd-b84a-3310e1f32d0c	C1	红	143	1	199.955		708	1	0	0	4	0			
2026-09-29T09:15:03.071Z	1395	8d186282-3b72-4acd-b84a-3310e1f32d0c	C4	绿	143	0	227.382		213	1	0	0	0	0			
2026-09-29T09:32:54.487Z	1391	1b608483-8fb3-427b-aab5-be9ccfa1ead5	C4	绿	143	0	241.341		387	6	6	1	0	1			
2026-09-29T09:33:06.500Z	1395	8d186282-3b72-4acd-b84a-3310e1f32d0c	C4	绿	143	0	275.801		290	27	0	0	0	1			
2026-09-29T12:19:57.800Z	1401	36145bd0-301f-455e-9abf-1c7944382d08	C4	绿	143	0	270.087	29509	3532	10	0	0	0	0	P2	D:\FL\.ci-verify\test-unit-1380.log	
2026-09-29T12:27:44.956Z	1398	2a3018f0-187c-4d8c-b851-f5512ac1c3a5	C4	绿	146	0			487	16	0	0	1	0			
2026-09-29T13:13:05.247Z	1401	36145bd0-301f-455e-9abf-1c7944382d08	C4	绿	143	0			360	8	2	1	1	1			
2026-09-29T13:14:30.057Z	1398	2a3018f0-187c-4d8c-b851-f5512ac1c3a5	C4	绿	146	0			639	11	7	1	1	1			
2026-09-29T13:20:42.355Z	1395	8d186282-3b72-4acd-b84a-3310e1f32d0c	C1	红	143	1	242.348		753	11	6	0	1	0			
2026-09-29T13:34:59.514Z	1395	8d186282-3b72-4acd-b84a-3310e1f32d0c	C2c	绿	143	0	223.505		361	0	0	0	0	1			
2026-09-29T13:35:12.990Z	1398	2a3018f0-187c-4d8c-b851-f5512ac1c3a5	C2a	绿	146	0			595	0	3	1	1	1			
2026-09-29T13:50:10.022Z	1398	2a3018f0-187c-4d8c-b851-f5512ac1c3a5	C2a	绿	146	0			512	0	2	0	1	1			
2026-09-29T13:51:11.342Z	1395	8d186282-3b72-4acd-b84a-3310e1f32d0c	C2b	绿	146	0	318.213		280	0	0	0	1	1			
2026-09-29T14:02:45.903Z	1395	8d186282-3b72-4acd-b84a-3310e1f32d0c	C4	绿	146	0	209.103		297	4	0	0	2	1			
2026-09-29T14:03:05.049Z	1401	36145bd0-301f-455e-9abf-1c7944382d08	C4	绿	143	0			557	6	1	0	1	1			
2026-09-29T14:37:45.853Z	1395	8d186282-3b72-4acd-b84a-3310e1f32d0c	C4	绿	146	0	205.466		296	3	0	0	1	0			
2026-09-29T14:54:26.366Z	1395	8d186282-3b72-4acd-b84a-3310e1f32d0c	C4	绿	146	0	196.719		296	1	0	0	1	0			
2026-09-30T02:05:28.967Z	1404	61939546-4ba7-41a5-bbfb-60cde6c359cb	C4	绿	147	0	181.492	32445	415	14	0	0	1	0	P1	D:\FL\.ci-verify\harness-1404-full.log	
2026-09-30T02:14:43.750Z	1404	61939546-4ba7-41a5-bbfb-60cde6c359cb	C4	绿	148	0	204.626	40379	382	2	0	0	0	0	P1	D:\FL\.ci-verify\1404-full.log	
2026-09-30T02:27:36.051Z	1404	61939546-4ba7-41a5-bbfb-60cde6c359cb	C4	绿	148	0	266.304	40403	406	3	0	0	0	0	P1	D:\FL\.ci-verify\1404-final-unit.log	
2026-09-30T06:04:05.158Z	1435	e7b6c23f-48ea-4328-94d0-df5e904ca403	C2a	绿	150	0	204.121	39631	768	0	14	4	2	0	P2	D:\FL\.ci-verify\1422-test-unit2.log	
2026-09-30T07:10:00.407Z	1435	e7b6c23f-48ea-4328-94d0-df5e904ca403	C1	红	151	1	352.497		438	6	0	6	3	0			
2026-09-30T07:17:34.146Z	1435	e7b6c23f-48ea-4328-94d0-df5e904ca403	C4	绿	151	0			1246	2	0	0	0	0			
2026-09-30T10:49:54.056Z	1435	e7b6c23f-48ea-4328-94d0-df5e904ca403	C4	绿	152	0			361	31	0	7	4	0			
2026-09-30T11:09:20.937Z	1435	e7b6c23f-48ea-4328-94d0-df5e904ca403	C4	绿	152	0			431	11	0	3	0	0			
2026-09-30T11:48:37.024Z	1435	e7b6c23f-48ea-4328-94d0-df5e904ca403	C4	绿	152	0			431	14	1	5	1	0			
2026-09-30T12:20:17.785Z	1435	e7b6c23f-48ea-4328-94d0-df5e904ca403	C4	红	151	1			932	4	0	3	2	0			utils/markdownContract.test.js utils/markdownContract.test.js
2026-09-30T12:58:32.965Z	1435	e7b6c23f-48ea-4328-94d0-df5e904ca403	C4	红	152	1			560	18	2	2	1	0			utils/forumImagePickerBehavior.test.js utils/forumImagePickerBehavior.test.js
2026-09-30T13:05:02.274Z	1435	e7b6c23f-48ea-4328-94d0-df5e904ca403	C2c	绿	152	0			2062	0	0	0	0	0			
2026-10-02T06:44:07.557Z	1467	a600aac2-3fe8-4508-b3d1-d152c623b8d5	C4	绿	152	0	185.005		396	4	6	0	7	0			
2026-10-02T06:59:16.930Z	1467	a600aac2-3fe8-4508-b3d1-d152c623b8d5	C4	绿	152	0	298.131	50162	549	1	0	0	0	0	P2	D:\FL\.ci-verify\1467-frontier-run2.log	
2026-10-02T10:08:27.658Z	1472	7cca4023-e2cd-4847-a99d-51146dd91583	C4	红	153	1	378.795	80361	527	90	45	35	4	0	P2	D:\FL\.scratch\wt1472-full2.log	utils/markdownToolbarBehavior.test.js utils/markdownToolbarBehavior.test.js
2026-10-02T10:18:38.364Z	1472	7cca4023-e2cd-4847-a99d-51146dd91583	C4	红	153	1	333.381	44257	526	5	0	0	0	0	P2	D:\FL\.scratch\wt1472-full3.log	utils/markdownToolbarBehavior.test.js utils/markdownToolbarBehavior.test.js
2026-10-02T10:26:09.454Z	1472	7cca4023-e2cd-4847-a99d-51146dd91583	C4	绿	153	0	327.66	39796	452	3	0	0	0	0	P2	D:\FL\.scratch\wt1472-full4.log	
2026-10-02T12:00:06.048Z	1472	4daad60e-f8da-4dc8-aca3-110e8f30ba03	C4	绿	153	0	372.442	43095	1162	11	0	0	0	0	P1	D:\FL\.scratch\wt1472-full-3.log	
2026-10-02T12:49:22.397Z	1472	4daad60e-f8da-4dc8-aca3-110e8f30ba03	C4	绿	153	0	376.966	43076	462	16	0	1	0	0	P1	D:\FL\.scratch\wt1472-full-3b.log	
2026-10-03T05:05:14.042Z	1494	38388e08-b0d2-46ba-a99f-a0a3701aae6a	C2a	绿	154	0	333.984	40266	813	0	21	1	2	0	P1	D:\FL\.scratch\1494-test-unit.log	
2026-10-03T08:47:07.961Z	1504	40c45787-58a6-40a4-aa1f-a870c74e15b7	C2a	绿	155	0	218.117		492	0	4	0	3	0			
2026-10-03T08:58:33.986Z	1478	0b1e05c7-ba30-4487-8627-7f9aba5f9cf5	C2a	绿	156	0	217.108	40046	269	0	2	0	3	1	P1	D:\FL\.scratch\gate3-945edd64.log	
2026-10-03T08:58:33.986Z	1478	3279bfc4-9d05-4b0b-a424-d53d4aca9307	C2a	绿	156	0	217.108		269	0	2	0	3	1			
2026-10-03T09:25:21.366Z	1504	40c45787-58a6-40a4-aa1f-a870c74e15b7	C4	绿	155	0	203.106		903	1	4	0	1	0			
2026-10-03T09:29:04.187Z	1504	40c45787-58a6-40a4-aa1f-a870c74e15b7	C1	红	155	1	446.902	43155	141	0	0	0	0	0	P2	D:\FL\.scratch\gate3-after-move.log	
2026-10-03T17:30:56.839Z	1478	1dfa251d-d7ae-8391-a9e9-4e6cc8dd8ad6	C2b	绿	125	0	201.732	17005	2305	0	0	0	1	0	P1	D:\FL\.scratch\1267-full.txt	utils/recruiterResumeBehavior.test.js
2026-10-04T05:02:06.410Z	1532	98e35be1-8155-8a24-90cd-19b7df7c83d6	C2a	绿	158	0	722.005		1113	0	5	0	3	0			
2026-10-04T06:55:14.483Z	1525	e9101492-745e-4c69-be9a-e582acaad479	C2a	绿	158	0	614.628		918	0	3	0	2	0			
2026-10-04T07:08:19.649Z	1525	e9101492-745e-4c69-be9a-e582acaad479	C4	绿	158	0	502.451		234	1	2	0	1	0			
2026-10-04T09:17:21.189Z	1526	d3786e5c-dd05-896a-9264-c9a31589e254	C4	绿	158	0	545.151		921	67	2	0	3	0			
2026-10-04T09:44:59.566Z	1526	d3786e5c-dd05-896a-9264-c9a31589e254	C4	绿	158	0	514.325		155	1	0	0	0	0			
2026-10-04T11:43:15.122Z	1537	b73eb472-79ef-8d64-91c5-cae4a5d67de8	C4	绿	158	0	506.248		917	4	9	0	5	0			
2026-10-04T13:01:49.020Z	1527	e2679815-087b-8cef-bfd5-89547bc20456	C1	红	158	1	154.866		329	0	0	0	0	0			
2026-10-04T13:38:10.515Z	1537	b73eb472-79ef-8d64-91c5-cae4a5d67de8	C4	绿	158	0	524.001		1581	3	8	10	4	0			
